{"cameraMode":{"drawMode":0,"name":"Shaded","section":"Shading Mode"},"sceneLighting":true,"audioPlay":false,"sceneViewState":{"m_AlwaysRefresh":false,"showFog":true,"showSkybox":true,"showFlares":true,"showImageEffects":true,"showParticleSystems":true,"showVisualEffectGraphs":true,"m_FxEnabled":true},"in2DMode":false,"pivot":{"x":-6.929093837738037,"y":1.6255112886428834,"z":2.8601081371307375},"rotation":{"x":0.02646579034626484,"y":0.452773779630661,"z":0.013447034172713757,"w":-0.8911321759223938},"size":2.6364996433258058,"orthographic":false}