{"cameraMode":{"drawMode":0,"name":"Shaded","section":"Shading Mode"},"sceneLighting":true,"audioPlay":false,"sceneViewState":{"showFog":true,"showMaterialUpdate":true,"showSkybox":true,"showFlares":true,"showImageEffects":true,"showParticleSystems":true},"in2DMode":false,"pivot":{"x":5.342954635620117,"y":5.7079668045043949,"z":1.4924169778823853},"rotation":{"x":0.04903414100408554,"y":0.9311317801475525,"z":-0.13644397258758546,"w":0.334623247385025},"size":5.261174201965332,"orthographic":false}