{"cameraMode":{"drawMode":0,"name":"Shaded","section":"Shading Mode"},"sceneLighting":false,"audioPlay":false,"sceneViewState":{"showFog":true,"showMaterialUpdate":false,"showSkybox":false,"showFlares":true,"showImageEffects":true,"showParticleSystems":true},"in2DMode":false,"pivot":{"x":-13.056634902954102,"y":0.3586462140083313,"z":15.913618087768555},"rotation":{"x":0.0339539535343647,"y":-0.4912020266056061,"z":0.019166607409715654,"w":0.8701726794242859},"size":7.871037006378174,"orthographic":false}