{"cameraMode":{"drawMode":0,"name":"Shaded","section":"Shading Mode"},"sceneLighting":false,"audioPlay":false,"sceneViewState":{"showFog":true,"showMaterialUpdate":false,"showSkybox":false,"showFlares":true,"showImageEffects":true,"showParticleSystems":true},"in2DMode":false,"pivot":{"x":11.380000114440918,"y":0.0,"z":10.699999809265137},"rotation":{"x":0.0339539535343647,"y":-0.4912020266056061,"z":0.019166607409715654,"w":0.8701726794242859},"size":15.912025451660157,"orthographic":false}